example_id,label_title_only,label_with_details,notes
1342383,yes,,""
1505368,unsure,,""
991892,yes,,""
1121801,no,no,""
12931,unsure,yes,"doesnt mention anything about grip, but product details confirms 0.5mm"
419022,no,,""
1158627,no,,""
2023069,yes,,""
520579,no,,""
388812,no,,""
789999,yes,,""
1038239,yes,,""
1042119,no,,""
1487962,no,,""
2071423,unsure,no,""
594189,yes,,""
1551924,no,yes,""
450663,yes,,""
1135191,yes,,""
1721043,yes,,""
441945,yes,,""
635884,yes,,""
2209630,yes,,""
2239694,yes,,""
151629,no,,""
1871905,no,,""
77266,yes,,""
851016,yes,,""
1402156,yes,,""
16266,no,,""
568217,no,,""
2027322,no,,""
2106495,no,,""
1667476,yes,,""
2180104,yes,,""
2082264,no,,""
1131908,yes,,""
732903,no,,""
1820460,yes,,""
1404794,no,,""
1716670,no,,""
1843045,yes,,""
1300230,yes,,""
622571,yes,,""
2184715,no,,""
