example_id,query,product_title,human_label,human_unsure,notes
176007,alarm clock without snooze,"Analog Alarm Clock, 4 inch Super Silent Non Ticking Small Clock with Night Light, Battery Operated, Simply Design, for Bedroon, Bedside, Desk, (Green)", NO,,
1667487,queen size bed spreads not comforters,"Mezzati Bedspread Coverlet Set Blue-Ocean Teal – Prestige Collection - Comforter Bedding Cover – Brushed Microfiber Bedding 3-Piece Quilt Set (Queen/Full, Blue Ocean Teal)", YES,,
226583,armour thyroid without prescription,"Zhou Thyroid Support Complex with Iodine | Energy, Metabolism & Focus Formula | Vegetarian, No Soy or Gluten | 30 Servings, 60 Caps", NO,,
20999,1 for 1 chlorine free pads without wings,"SEVENTH GENERATION Free & Clear Maxi Pads, 24 Count (2 Pack)", NO,,
2156553,weeds control without poisons,Tenacity Turf Herbicide - 8 ounces, NO,,
555757,coffee maker without pot,"Cuisinart DCC-3000P1 12-Cup Programmable Coffee Maker Coffeemaker, Black", YES,,
10595,.8 beading wire plastic not stretchy,"328 FT Elastic String for Bracelets, Premium 0.8mm Jewelry Elastic Cord Clear, Strong Stretchy String Elastic Cord for Bracelet, Jewelry Making, Beads, Crafts, Crystal String Beading Thread for Kids", NO,,
2135331,waiting is not easy an elephant and piggie book,My Friend is Sad (An Elephant and Piggie Book), NO,,
1131937,kerastase shampoo without sulfates,"Kerastase Discipline Bain Fluidealiste Smooth-in-Motion Shampoo for Unisex, 8.5 Ounce (Packaging May Vary)", NO,,
871828,futon frames full size without mattress,"DHP Futon Wood Arms and Side Storage Mattress Sold Separately, Espresso Frame", YES,,
1457562,no u card game,"Pandasaurus Games The Mind - Family-Friendly Board Games - Adult Games for Game Night - Card Games for Adults, Teens & Kids (2-4 Players)", NO,,
15092,05 nissan titan f r not strut mount,MOSTPLUS 171358 2X Front Complete Struts Shock Absorbers with Mounts Compatible for 2004-2015 Nissan Titan (Set of 2), NO,,
14324,013 nail color not gel,Allenbelle Color Changing Nail Polish Gift set Color Changing Gel Polish Set Mood Soak Off Uv Led Gel Nail Polish 013, NO,,
652246,dental floss without pfas,"Amazon Brand - Solimo Extra Comfort Mint Dental Floss, 40 M (Pack of 6)", NO,,
828686,floor lamp without shade,"Boncoo LED Floor Lamp Fully Dimmable Modern Standing Lamp Arc Floor Lamp with Adjustable Drum Shade, Golden Tall Pole Reading Lamp Corner Light for Living Room Bedroom Study Room, 8W LED Bulb Included", NO,,
